redcode,p03_10_$tot$,p03_0_1,p03_1_2,p03_2_3,p03_3_4,p03_4_5,p03_5_6,p03_6_7,p03_7_9,p03_8_$mv$,p03_9_$na$,
02007,221001,107202,475,97107,755,476,277,671,14038,0,0,
02014,160609,84453,187,65517,324,282,161,509,9176,0,0,
02021,193537,97198,324,83045,521,438,242,589,11180,0,0,
02028,227024,113953,257,102116,308,237,120,445,9588,0,0,
02035,192449,97720,309,81309,456,503,280,682,11190,0,0,
02042,201764,101151,261,83047,683,409,333,671,15209,0,0,
02049,213262,106508,286,92874,401,306,211,588,12088,0,0,
02056,203888,99678,281,90288,448,143,123,271,12656,0,0,
02063,167908,83707,226,74943,301,189,117,408,8017,0,0,
02070,171896,86992,191,76213,308,216,159,507,7310,0,0,
02077,201905,100831,248,87305,467,341,251,577,11885,0,0,
02084,235364,117866,225,102492,537,443,252,744,12805,0,0,
02091,262330,135259,323,111297,610,402,274,856,13309,0,0,
02098,247252,127452,363,103089,516,472,281,898,14181,0,0,
02105,195265,98584,222,85422,363,549,194,762,9169,0,0,
06007,17344,8405,24,8373,5,3,3,27,504,0,0,
06014,12847,6211,12,5894,8,5,2,16,699,0,0,
06021,12906,6141,16,5818,30,19,19,24,839,0,0,
06028,583209,282739,762,264354,977,379,188,654,33156,0,0,
06035,366117,183496,393,164996,421,284,145,619,15763,0,0,
06042,21757,10610,30,10183,25,17,7,27,858,0,0,
06049,75152,36038,125,33753,164,151,56,108,4757,0,0,
06056,334505,162504,308,150323,535,322,158,523,19832,0,0,
06063,48516,23483,68,22344,95,28,17,52,2429,0,0,
06070,39223,18466,85,17645,206,45,45,74,2657,0,0,
06077,32077,15957,35,14900,20,6,9,37,1113,0,0,
06084,21185,10017,40,9618,47,25,10,28,1400,0,0,
06091,358328,175246,416,164439,529,214,105,502,16877,0,0,
06098,100685,49596,150,45819,193,88,48,118,4673,0,0,
06105,37194,18176,73,16877,123,27,15,44,1859,0,0,
06112,46227,21756,74,20413,145,52,48,70,3669,0,0,
06119,32350,15770,38,15166,39,16,11,71,1239,0,0,
06126,107976,52735,139,50829,140,48,33,126,3926,0,0,
06134,70542,34291,84,33187,58,39,31,69,2783,0,0,
06140,15882,7899,21,7405,13,7,4,11,522,0,0,
06147,22905,11421,18,10885,15,7,4,15,540,0,0,
06154,14007,5914,71,5890,128,23,17,23,1941,0,0,
06161,17345,8312,32,8142,25,7,10,17,800,0,0,
06168,9551,4525,11,4378,20,2,1,15,599,0,0,
06175,27406,13198,46,12504,51,5,29,29,1544,0,0,
06182,65823,31748,85,29604,140,105,49,122,3970,0,0,
06189,15795,7775,22,7415,9,7,9,29,529,0,0,
06196,24110,11756,29,10896,38,32,7,30,1322,0,0,
06203,41713,20518,48,19510,34,18,16,48,1521,0,0,
06210,52409,25818,81,24359,33,22,10,52,2034,0,0,
06218,42191,20886,48,19830,37,21,11,81,1277,0,0,
06224,70554,34880,114,31959,91,42,14,84,3370,0,0,
06231,18328,8421,45,8209,112,16,7,18,1500,0,0,
06238,31405,14996,45,13890,129,14,9,41,2281,0,0,
06245,63978,31588,76,29841,51,40,18,83,2281,0,0,
06252,256071,122235,269,118318,368,159,122,394,14206,0,0,
06260,337880,164055,436,155041,476,205,104,424,17139,0,0,
06266,40036,19063,60,18555,201,49,25,49,2034,0,0,
06270,198620,95631,296,91470,275,103,51,208,10586,0,0,
06274,488103,233225,668,224612,715,281,162,522,27918,0,0,
06277,10759,4733,27,4593,74,31,14,20,1267,0,0,
06280,45307,22113,51,20882,60,30,14,65,2092,0,0,
06287,10150,4997,6,4870,5,3,0,4,265,0,0,
06294,16231,7801,35,7457,44,9,8,17,860,0,0,
06301,20674,10122,25,9432,42,13,10,28,1002,0,0,
06308,3157,1404,4,1436,9,0,1,3,300,0,0,
06315,22566,11205,24,10375,24,9,5,28,896,0,0,
06322,11535,5680,7,5461,2,5,0,18,362,0,0,
06329,17980,8592,17,8187,79,14,7,18,1066,0,0,
06336,4846,2336,4,2242,1,0,2,5,256,0,0,
06343,14141,6869,17,6636,22,8,4,10,575,0,0,
06351,12842,5926,15,5702,60,6,15,14,1104,0,0,
06357,660569,327949,833,295771,921,620,268,1139,33068,0,0,
06364,142315,67967,183,66317,334,85,50,157,7222,0,0,
06371,444503,219528,625,200801,544,380,171,666,21788,0,0,
06385,22530,9424,90,8933,219,102,37,42,3683,0,0,
06392,35055,15854,69,15566,155,20,57,48,3286,0,0,
06399,11662,5685,12,5615,5,3,3,8,331,0,0,
06406,10581,4801,20,4670,29,10,16,23,1012,0,0,
06408,185361,91357,207,84554,209,168,74,240,8552,0,0,
06410,177983,88275,272,81200,355,154,75,341,7311,0,0,
06412,326527,155527,470,148459,692,212,143,349,20675,0,0,
06413,100964,48779,140,44950,177,98,55,123,6642,0,0,
06420,100400,46194,144,43597,256,124,61,199,9825,0,0,
06427,1837168,900702,3118,837867,2955,1429,750,2215,88132,0,0,
06434,460081,227799,562,205809,880,392,214,772,23653,0,0,
06441,756074,376606,899,343877,1015,1108,491,1745,30333,0,0,
06448,11496,5732,16,5404,7,2,3,28,304,0,0,
06455,27136,13094,62,12198,105,18,20,36,1603,0,0,
06462,17153,8512,25,8136,20,4,1,30,425,0,0,
06466,6170,3054,8,2886,3,4,2,11,202,0,0,
06469,45191,21952,61,20912,84,57,24,55,2046,0,0,
06476,18106,8664,23,8569,20,9,4,11,806,0,0,
06483,41418,20160,58,18709,64,16,13,41,2357,0,0,
06490,685644,336667,992,312608,954,436,245,951,32791,0,0,
06497,110111,54080,212,50259,298,124,64,163,4911,0,0,
06505,22653,10259,30,10029,130,24,17,62,2102,0,0,
06511,11253,5642,20,5149,15,4,4,9,410,0,0,
06515,349401,166555,468,158478,729,241,115,442,22373,0,0,
06518,32973,15561,30,15161,78,24,10,50,2059,0,0,
06525,64761,31215,85,30071,89,37,21,70,3173,0,0,
06532,71002,34527,134,32165,142,42,28,98,3866,0,0,
06539,581484,282359,753,267214,1086,378,190,613,28891,0,0,
06547,24616,11720,47,11208,80,19,10,26,1506,0,0,
06553,8444,4022,13,3989,7,11,4,10,388,0,0,
06560,575758,276222,863,264474,1399,453,219,630,31498,0,0,
06568,329517,165219,379,149504,490,359,154,712,12700,0,0,
06574,19888,9539,21,9242,40,12,13,22,999,0,0,
06581,101483,49778,114,45518,118,80,46,155,5674,0,0,
06588,52366,25602,131,23914,71,23,20,66,2539,0,0,
06595,122011,59562,138,55807,196,175,76,180,5877,0,0,
06602,37499,18238,45,17748,36,23,7,59,1343,0,0,
06609,44594,20701,64,19074,189,41,112,132,4281,0,0,
06616,7112,3270,5,3190,20,3,8,3,613,0,0,
06623,114988,56063,152,51653,189,81,62,130,6658,0,0,
06630,4615,2235,4,2185,2,2,2,5,180,0,0,
06638,393614,186662,576,180496,705,227,194,584,24170,0,0,
06644,39224,17927,60,17757,109,16,14,70,3271,0,0,
06648,101994,48933,173,47146,127,61,25,82,5447,0,0,
06651,16391,7789,12,7555,31,2,4,18,980,0,0,
06655,12161,5828,11,5691,10,4,3,20,594,0,0,
06658,631774,309407,822,286938,902,453,266,956,32030,0,0,
06665,39648,19103,62,18426,126,24,10,37,1860,0,0,
06672,16491,7928,30,7746,20,6,3,25,733,0,0,
06679,19735,9179,32,9096,85,18,10,18,1297,0,0,
06686,25619,12511,33,11756,39,10,13,28,1229,0,0,
06693,13901,6873,18,6589,9,4,2,15,391,0,0,
06700,21407,10641,24,10120,18,1,7,27,569,0,0,
06707,35423,17650,32,16752,25,8,9,25,922,0,0,
06714,39257,18332,63,17618,98,26,31,33,3056,0,0,
06721,9344,4491,13,4322,14,0,2,13,489,0,0,
06728,26399,12795,45,12620,30,16,7,24,862,0,0,
06735,26695,13028,47,12328,74,13,10,36,1159,0,0,
06742,8918,4255,10,4075,31,0,0,9,538,0,0,
06749,171099,84447,220,77007,220,112,71,272,8750,0,0,
06756,295978,148003,384,131612,587,293,141,639,14319,0,0,
06760,327650,157686,392,147872,880,332,196,567,19725,0,0,
06763,166657,79131,231,74295,559,124,142,181,11994,0,0,
06770,68353,33271,137,31771,120,31,14,46,2963,0,0,
06778,97929,46787,125,45370,138,59,23,132,5295,0,0,
06784,11736,5648,8,5423,26,3,4,12,612,0,0,
06791,144678,71173,136,66358,234,115,60,234,6368,0,0,
06798,10695,5031,26,4884,31,4,2,14,703,0,0,
06805,446291,213540,580,201627,803,333,182,766,28460,0,0,
06812,2528,1174,0,1262,0,0,3,4,85,0,0,
06819,14591,7023,22,6798,45,12,9,24,658,0,0,
06826,49128,23571,85,22676,166,43,43,77,2467,0,0,
06833,61889,30709,61,29152,38,27,16,88,1798,0,0,
06840,362319,180624,407,164453,496,307,185,651,15196,0,0,
06847,9090,4163,22,4205,14,3,10,14,659,0,0,
06854,35411,17157,53,16230,55,15,10,38,1853,0,0,
06861,280541,139709,362,123029,541,360,179,823,15538,0,0,
06868,37325,17868,59,16962,74,45,14,58,2245,0,0,
06875,32552,15600,28,15788,35,7,7,27,1060,0,0,
06882,131415,63131,175,60633,204,65,68,165,6974,0,0,
10007,5087,2336,4,2431,9,3,2,4,298,0,0,
10014,3282,1489,0,1700,1,0,0,1,91,0,0,
10021,19545,9230,28,9212,21,7,4,14,1029,0,0,
10028,1822,846,1,911,1,0,0,1,62,0,0,
10035,30353,14896,41,14326,14,12,5,13,1046,0,0,
10042,19471,9194,26,9282,14,3,6,16,930,0,0,
10049,186466,92143,233,85164,139,98,38,160,8491,0,0,
10056,4375,1986,5,2086,6,5,11,5,271,0,0,
10063,14624,7021,17,6863,17,7,9,27,663,0,0,
10070,26341,12477,44,12271,38,16,23,18,1454,0,0,
10077,4696,2185,4,2338,0,0,0,0,169,0,0,
10084,12219,5577,18,5808,13,9,16,10,768,0,0,
10091,26822,13112,29,12512,16,6,9,22,1116,0,0,
10098,13317,6175,18,6347,17,1,5,5,749,0,0,
10105,25254,11923,40,11699,32,8,4,23,1525,0,0,
10112,33951,16435,25,15895,23,18,11,37,1507,0,0,
14007,75462,34510,85,33494,124,57,37,122,7033,0,0,
14014,1498060,722580,1741,651459,1788,1442,735,2709,115606,0,0,
14021,294511,139149,329,131088,319,200,105,444,22877,0,0,
14028,64748,30430,101,28110,54,23,17,50,5963,0,0,
14035,36064,17359,33,17620,5,5,7,22,1013,0,0,
14042,152397,73242,185,68578,156,82,43,174,9937,0,0,
14049,36023,17492,44,16449,16,7,9,26,1980,0,0,
14056,68317,32240,83,31502,51,16,15,51,4359,0,0,
14063,107286,52174,124,49725,84,22,29,84,5044,0,0,
14070,4855,2225,8,2299,3,1,2,1,316,0,0,
14077,5070,2314,12,2385,6,1,0,1,351,0,0,
14084,37551,18061,32,17669,32,5,7,33,1712,0,0,
14091,219494,105097,268,95260,283,159,102,430,17895,0,0,
14098,277979,135928,271,125938,230,116,62,303,15131,0,0,
14105,58181,26093,52,25088,57,23,23,50,6795,0,0,
14112,15275,7101,16,7076,8,6,2,8,1058,0,0,
14119,113311,54946,141,51230,91,37,25,103,6738,0,0,
14126,42029,19657,61,18641,77,33,15,63,3482,0,0,
14133,62700,30769,92,28132,68,48,19,92,3480,0,0,
14140,228951,108600,241,102793,172,77,84,183,16801,0,0,
14147,139012,64717,130,61202,223,99,68,208,12365,0,0,
14154,4381,2101,8,2013,5,0,0,1,253,0,0,
14161,120207,57816,152,53695,148,33,35,159,8169,0,0,
14168,22473,10346,24,10219,22,9,8,14,1831,0,0,
14175,14092,6474,24,6421,15,4,2,11,1141,0,0,
14182,113635,54638,134,52943,109,23,27,81,5680,0,0,
18007,44369,21452,69,20930,45,10,18,56,1789,0,0,
18014,2808,1314,4,1346,8,1,1,4,130,0,0,
18021,437446,210557,650,192414,1388,498,368,668,30903,0,0,
18028,26270,12215,46,12391,48,18,30,28,1494,0,0,
18035,51489,24821,65,23400,82,34,31,51,3005,0,0,
18042,17948,8587,20,8411,23,9,8,7,883,0,0,
18049,39168,17596,63,16548,156,34,53,71,4647,0,0,
18056,9051,4182,12,4178,22,17,8,29,603,0,0,
18063,17016,8097,33,7879,32,7,10,15,943,0,0,
18070,106223,51443,167,47698,183,82,73,132,6445,0,0,
18077,11946,5755,12,5698,7,2,4,5,463,0,0,
18084,38767,18430,57,18073,47,15,31,54,2060,0,0,
18091,40406,18257,89,18267,175,74,79,87,3378,0,0,
18098,11541,5586,14,5417,8,6,6,10,494,0,0,
18105,49807,23352,60,22549,117,42,39,60,3588,0,0,
18112,45602,21134,94,20526,250,86,53,53,3406,0,0,
18119,56778,27624,107,25719,99,51,46,72,3060,0,0,
18126,29126,13155,63,12647,124,127,91,70,2849,0,0,
18133,19679,9083,22,9269,24,11,14,21,1235,0,0,
18140,21381,10067,49,9518,81,27,24,31,1584,0,0,
18147,15164,7330,19,6919,25,7,11,17,836,0,0,
18154,12700,5954,22,5892,29,7,15,12,769,0,0,
18161,22682,10615,36,10492,39,16,19,32,1433,0,0,
18168,71922,34700,74,33030,110,78,40,62,3828,0,0,
18175,10382,4963,18,4853,21,4,6,7,510,0,0,
22007,37794,18401,45,18151,32,2,1,15,1147,0,0,
22014,28060,13569,44,13161,16,6,2,29,1233,0,0,
22021,101086,50894,88,46230,53,31,12,74,3704,0,0,
22028,34493,16966,59,16138,24,3,3,22,1278,0,0,
22036,23179,11218,28,11052,19,2,1,12,847,0,0,
22039,8310,4055,6,3991,4,0,2,5,247,0,0,
22043,10643,5082,15,5100,5,1,2,8,430,0,0,
22049,12807,6235,14,6128,3,0,1,85,341,0,0,
22056,15061,7226,28,7117,5,2,3,13,667,0,0,
22063,68429,33223,77,32406,29,7,3,33,2651,0,0,
22070,21948,10894,26,10249,18,1,2,5,753,0,0,
22077,13775,6595,9,6385,12,7,2,12,753,0,0,
22084,65304,31723,66,30907,19,9,7,53,2520,0,0,
22091,26354,12905,28,12552,13,1,1,6,848,0,0,
22098,59798,29814,71,27639,39,6,15,51,2163,0,0,
22105,30223,14830,33,14074,28,11,7,22,1218,0,0,
22112,21544,10579,26,10262,12,1,1,3,660,0,0,
22119,13938,6893,26,6529,9,2,0,4,475,0,0,
22126,14265,6862,17,6806,6,1,3,14,556,0,0,
22133,32430,15731,36,15052,9,3,3,21,1575,0,0,
22140,413764,206681,450,187462,264,167,88,479,18173,0,0,
22147,16045,7853,9,7518,7,4,13,7,634,0,0,
22154,18696,8962,20,8772,10,1,1,9,921,0,0,
22161,4051,1909,4,1954,3,0,5,1,175,0,0,
22168,32606,15732,51,15532,13,7,3,8,1260,0,0,
26007,102806,49328,130,48113,122,110,89,177,4737,0,0,
26014,28099,13545,38,13398,19,57,27,106,909,0,0,
26021,214829,104871,193,101751,203,94,48,273,7396,0,0,
26028,1782,812,0,895,0,1,1,1,72,0,0,
26035,49965,25119,38,23202,25,44,18,106,1413,0,0,
26042,12505,6048,9,5996,12,2,3,28,407,0,0,
26049,1181,489,0,642,2,0,0,0,48,0,0,
26056,2862,1320,4,1462,0,1,0,4,71,0,0,
26063,744,307,0,402,1,0,0,1,33,0,0,
26070,1882,832,1,986,0,0,0,0,63,0,0,
26077,144420,71928,134,67326,122,91,37,235,4547,0,0,
26084,6347,2959,2,3167,4,3,1,7,204,0,0,
26091,14477,6869,16,7044,10,8,2,24,504,0,0,
26098,5947,2763,4,2924,2,1,0,14,239,0,0,
26105,1608,703,0,816,3,4,0,3,79,0,0,
30008,74890,36116,122,35098,83,44,40,116,3271,0,0,
30015,197603,96253,296,91203,264,105,98,262,9122,0,0,
30021,52312,25643,76,24391,41,40,18,79,2024,0,0,
30028,78264,37574,111,37429,54,27,23,68,2978,0,0,
30035,29436,14125,33,13834,28,11,17,23,1365,0,0,
30042,16717,8156,27,7853,28,4,10,7,632,0,0,
30049,56796,27822,79,26389,61,31,21,94,2299,0,0,
30056,125176,61116,174,57746,192,95,57,206,5590,0,0,
30063,13984,6623,18,6796,6,6,4,8,523,0,0,
30070,75271,36628,95,35090,47,29,19,62,3301,0,0,
30077,42954,20525,105,19833,140,35,27,58,2231,0,0,
30084,388716,192510,453,177317,500,329,306,725,16576,0,0,
30088,20786,9923,33,9712,24,9,11,29,1045,0,0,
30091,31091,15040,79,14171,116,30,22,56,1577,0,0,
30098,115516,56557,140,53375,133,66,41,175,5029,0,0,
30105,40301,19669,47,18959,32,18,8,68,1500,0,0,
30113,55284,26413,123,25415,101,52,32,67,3081,0,0,
34007,15600,7183,12,7750,23,3,6,10,613,0,0,
34014,268572,133621,330,122871,184,81,55,212,11218,0,0,
34021,19275,9324,25,9334,6,1,1,24,560,0,0,
34028,17017,8328,25,8127,8,3,1,6,519,0,0,
34035,81600,37968,130,38546,134,26,29,58,4709,0,0,
34042,19089,9110,23,9028,12,5,1,34,876,0,0,
34049,94116,45663,127,43399,103,22,26,46,4730,0,0,
34056,72560,34717,106,33795,97,25,34,57,3729,0,0,
34063,17678,8517,18,8477,6,0,0,3,657,0,0,
38007,14998,7117,34,6511,53,6,10,6,1261,0,0,
38014,122259,55845,226,54648,303,212,167,222,10636,0,0,
38021,319469,153173,612,140089,939,692,591,599,22774,0,0,
38028,20877,9535,61,8603,151,65,56,48,2358,0,0,
38035,94132,44055,164,43049,203,71,70,72,6448,0,0,
38042,65522,31026,71,29869,144,55,90,136,4131,0,0,
38049,1797,830,2,846,3,1,3,2,110,0,0,
38056,6729,3008,15,3078,23,29,30,18,528,0,0,
38063,88237,41564,188,40001,191,83,74,89,6047,0,0,
38070,20497,9308,46,9670,39,8,13,9,1404,0,0,
38077,2641,1086,17,1004,53,20,17,4,440,0,0,
38084,3966,1848,7,1787,9,4,1,4,306,0,0,
38094,14621,7198,27,6765,19,13,6,19,574,0,0,
38098,5298,2481,9,2341,11,4,1,3,448,0,0,
38105,2490,1090,4,1124,12,3,2,5,250,0,0,
38112,25831,12493,58,11042,90,65,60,29,1994,0,0,
42007,11053,5396,8,5435,6,2,1,4,201,0,0,
42014,2611,1268,0,1268,2,0,0,0,73,0,0,
42021,118504,59781,124,55289,69,67,38,230,2906,0,0,
42028,8225,3979,5,4008,4,1,0,3,225,0,0,
42035,15094,7382,16,7310,2,6,0,11,367,0,0,
42042,1103,482,3,565,3,0,0,1,49,0,0,
42049,2868,1409,5,1367,0,1,0,8,78,0,0,
42056,12277,5924,9,6006,3,2,0,7,326,0,0,
42063,1461,700,1,735,1,0,0,2,22,0,0,
42070,9397,4573,13,4673,6,2,2,8,120,0,0,
42077,7713,3756,10,3794,3,0,2,10,138,0,0,
42084,428,181,1,233,0,0,0,0,13,0,0,
42091,413,190,1,216,1,0,0,0,5,0,0,
42098,9243,4497,6,4509,4,1,0,14,212,0,0,
42105,69067,34556,66,32516,40,28,19,81,1761,0,0,
42112,11636,5570,13,5686,6,3,0,11,347,0,0,
42119,8404,4041,8,4179,3,2,3,6,162,0,0,
42126,11090,5340,10,5494,6,1,2,8,229,0,0,
42133,17356,8566,10,8404,10,3,4,10,349,0,0,
42140,17927,8650,24,8657,22,15,5,25,529,0,0,
42147,5637,2751,9,2757,1,2,0,4,113,0,0,
42154,17686,8623,18,8592,12,0,1,13,427,0,0,
46007,16251,7896,24,7795,12,0,5,4,515,0,0,
46014,210507,103683,235,96182,209,117,101,223,9757,0,0,
46021,5810,2346,26,2310,42,35,29,18,1004,0,0,
46028,11371,5414,15,5530,5,1,3,5,398,0,0,
46035,15630,7628,13,7318,8,8,7,4,644,0,0,
46042,58681,28251,80,26999,79,41,29,57,3145,0,0,
46049,6984,3300,12,3410,5,3,3,11,240,0,0,
46056,3184,1523,2,1529,6,2,1,0,121,0,0,
46063,7615,3689,13,3578,7,1,2,4,321,0,0,
46070,4013,1777,14,1924,17,6,5,11,259,0,0,
46077,1885,922,4,888,2,1,0,0,68,0,0,
46084,7347,3493,12,3603,3,2,0,10,224,0,0,
46091,5017,2443,8,2448,1,0,0,3,114,0,0,
46098,2695,1253,7,1325,1,0,1,1,107,0,0,
46105,2399,1149,3,1166,0,0,0,7,74,0,0,
46112,15764,7564,27,7314,15,5,10,9,820,0,0,
46119,4306,2111,0,2076,5,1,0,3,110,0,0,
46126,2994,1349,5,1306,5,3,2,2,322,0,0,
50007,123715,59007,219,51216,314,226,241,407,12085,0,0,
50014,52379,24219,92,22441,241,98,104,116,5068,0,0,
50021,194557,95940,230,85750,243,183,146,399,11666,0,0,
50028,320871,153543,424,143305,474,238,186,463,22238,0,0,
50035,46472,21442,94,20324,111,51,69,83,4298,0,0,
50042,12018,5741,19,5626,7,4,10,8,603,0,0,
50049,233839,110153,357,102581,518,265,179,322,19464,0,0,
50056,47086,22178,77,21956,46,13,29,24,2763,0,0,
50063,171883,79872,225,75603,316,121,143,321,15282,0,0,
50070,218887,101795,295,96028,515,139,139,341,19635,0,0,
50077,32596,15768,36,15435,29,13,4,32,1279,0,0,
50084,63589,30710,76,29220,62,31,18,56,3416,0,0,
50091,39752,19080,52,18543,28,9,10,24,2006,0,0,
50098,139406,63760,295,59401,365,133,116,183,15153,0,0,
50105,213204,100983,384,93699,609,258,285,362,16624,0,0,
50112,19379,9119,29,9296,15,7,6,14,893,0,0,
50119,59972,28057,135,26245,145,67,76,108,5139,0,0,
50126,41168,19164,60,19208,44,22,36,38,2596,0,0,
54007,50503,24543,60,23767,23,8,6,34,2062,0,0,
54014,59875,27852,59,27991,46,16,9,36,3866,0,0,
54021,34945,16693,41,15988,29,15,6,36,2137,0,0,
54028,391498,192840,360,174910,304,208,184,520,22172,0,0,
54035,10303,4822,8,4688,13,4,8,11,749,0,0,
54042,91133,44288,94,42149,61,34,30,72,4405,0,0,
54049,45456,20686,83,20982,61,13,13,41,3577,0,0,
54056,77075,36351,102,36644,66,10,14,129,3759,0,0,
54063,99838,47129,138,45404,125,36,31,94,6881,0,0,
54070,49391,23903,44,23086,35,11,7,37,2268,0,0,
54077,52166,24938,34,24270,31,11,9,51,2822,0,0,
54084,38620,18278,39,17881,51,12,5,36,2318,0,0,
54091,120703,58745,128,56655,100,35,21,121,4898,0,0,
54098,63194,30881,70,29720,37,6,11,37,2432,0,0,
54105,23080,11185,31,10715,16,0,3,9,1121,0,0,
54112,34690,16007,48,16448,51,9,4,22,2101,0,0,
54119,30877,14470,54,14655,44,13,10,9,1622,0,0,
58007,10173,4759,17,4784,25,6,11,23,548,0,0,
58014,18150,8084,35,8727,42,20,21,15,1206,0,0,
58021,2641,1092,6,1178,12,7,11,9,326,0,0,
58028,4832,2266,9,2259,4,10,3,8,273,0,0,
58035,467217,226791,467,216075,563,487,309,983,21542,0,0,
58042,18289,8760,23,8275,19,19,11,51,1131,0,0,
58049,20853,9470,48,9107,68,59,87,81,1933,0,0,
58056,39567,19296,38,18274,54,42,32,135,1696,0,0,
58063,7696,3721,5,3726,3,2,4,8,227,0,0,
58070,15502,7406,23,7459,11,17,5,43,538,0,0,
58077,9267,4258,15,4473,16,7,4,8,486,0,0,
58084,5572,2601,4,2776,7,1,0,9,174,0,0,
58091,29721,13857,23,14415,16,10,9,25,1366,0,0,
58098,5087,2378,5,2554,1,2,1,11,135,0,0,
58105,8471,4121,7,4017,6,0,0,8,312,0,0,
58112,45540,21499,105,20145,239,64,46,75,3367,0,0,
62007,63845,30586,65,28484,66,48,24,92,4480,0,0,
62014,41160,20059,45,19656,30,17,8,46,1299,0,0,
62021,161443,78383,173,74244,152,206,128,469,7688,0,0,
62028,7398,3482,9,3566,7,2,3,2,327,0,0,
62035,6960,2797,22,3106,47,15,11,18,944,0,0,
62042,379627,184994,300,174565,328,234,137,635,18434,0,0,
62049,3682,1686,3,1817,2,2,0,1,171,0,0,
62056,1452,614,1,790,0,0,0,3,44,0,0,
62063,16493,7851,21,7475,12,4,7,19,1104,0,0,
62070,9309,4455,3,4500,10,9,3,17,312,0,0,
62077,35473,16941,26,16162,29,15,11,44,2245,0,0,
62084,4300,1990,0,2012,3,0,1,2,292,0,0,
62091,16555,7305,17,7245,32,16,45,93,1802,0,0,
66007,69442,29615,114,29749,157,43,185,172,9407,0,0,
66014,8928,4309,16,4314,3,1,0,10,275,0,0,
66021,17822,8619,21,8065,14,4,9,13,1077,0,0,
66028,624003,297771,797,270168,825,438,414,944,52646,0,0,
66035,55713,26986,55,25914,63,21,12,44,2618,0,0,
66042,24715,11983,29,11501,20,8,7,15,1152,0,0,
66049,55746,24452,74,23435,96,39,48,50,7552,0,0,
66056,177448,84814,206,81298,174,46,52,125,10733,0,0,
66063,3491,1519,5,1607,2,2,0,0,356,0,0,
66070,6116,2509,13,2405,26,14,19,34,1096,0,0,
66077,12246,5817,7,5847,13,25,13,23,501,0,0,
66084,7182,2893,13,2934,5,4,2,3,1328,0,0,
66091,1789,917,0,832,0,0,0,2,38,0,0,
66098,8888,4308,10,4163,7,1,2,1,396,0,0,
66105,7182,3523,5,3442,2,1,0,8,201,0,0,
66112,48028,21398,82,20862,103,53,62,70,5398,0,0,
66119,5808,2879,9,2791,0,1,1,0,127,0,0,
66126,159715,72776,243,70552,179,62,80,185,15638,0,0,
66133,38062,18162,48,18473,14,2,4,8,1351,0,0,
66140,33750,16175,48,15481,11,7,8,17,2003,0,0,
66147,50961,23922,71,23120,38,24,20,70,3696,0,0,
66154,7779,3601,14,3597,9,6,0,5,547,0,0,
66161,9411,3937,15,3852,27,10,9,21,1540,0,0,
70007,31281,14445,44,14058,34,12,9,23,2656,0,0,
70014,10172,4571,18,4553,18,3,3,7,999,0,0,
70021,10667,4864,8,5117,12,9,5,16,636,0,0,
70028,114849,54497,160,47981,291,171,116,270,11363,0,0,
70035,44017,20458,63,19710,43,9,13,16,3705,0,0,
70042,103772,47267,132,44357,100,42,25,54,11795,0,0,
70049,8826,4031,5,4126,5,6,5,8,640,0,0,
70056,25269,11781,36,11331,36,2,8,17,2058,0,0,
70063,12498,5457,27,5451,19,12,12,21,1499,0,0,
70070,72879,33026,119,31797,121,33,58,60,7665,0,0,
70077,136582,63917,167,59655,206,85,108,207,12237,0,0,
70084,101334,45922,113,42098,269,90,110,175,12557,0,0,
70091,15037,6836,17,6809,9,3,17,14,1332,0,0,
70098,62697,26181,117,24052,164,49,68,113,11953,0,0,
70105,27188,12463,32,12770,23,4,8,22,1866,0,0,
70112,6454,2934,9,3025,8,0,0,6,472,0,0,
70119,8425,3859,9,3831,11,1,5,10,699,0,0,
70126,20824,9538,37,9628,55,6,5,7,1548,0,0,
70133,6674,3055,6,3072,5,4,8,9,515,0,0,
74007,23653,10086,36,9827,44,23,19,34,3584,0,0,
74014,5575,2279,8,2527,12,2,12,5,730,0,0,
74021,16044,7223,18,7340,18,10,8,23,1404,0,0,
74028,26522,11591,46,11390,73,33,30,49,3310,0,0,
74035,148671,68620,192,64936,187,99,91,225,14321,0,0,
74042,14334,6232,19,6517,17,14,10,13,1512,0,0,
74049,40289,18957,53,18004,56,31,23,110,3055,0,0,
74056,260769,119055,334,110630,469,303,218,467,29293,0,0,
74063,4691,1932,4,2156,6,2,3,2,586,0,0,
78007,15035,7040,14,6825,20,13,5,48,1070,0,0,
78014,126266,58586,185,58161,364,131,88,240,8511,0,0,
78021,137309,63775,196,61427,314,164,137,287,11009,0,0,
78028,25384,11767,39,11535,63,40,24,79,1837,0,0,
78035,12584,5872,23,5949,24,11,13,37,655,0,0,
78042,12828,5916,8,5897,16,11,6,19,955,0,0,
78049,6271,2845,7,2751,27,5,10,21,605,0,0,
82007,48544,22818,40,21985,53,9,17,54,3568,0,0,
82014,86261,42285,84,39833,72,27,24,85,3851,0,0,
82021,189464,92121,155,88039,112,55,50,207,8725,0,0,
82028,93000,44440,128,41968,99,50,84,131,6100,0,0,
82035,24853,11517,30,11112,12,4,7,20,2151,0,0,
82042,200455,98185,204,93239,141,73,59,222,8332,0,0,
82049,197533,91279,241,85473,193,70,122,220,19935,0,0,
82056,73636,35344,75,33171,60,23,45,68,4850,0,0,
82063,568259,273859,749,246957,870,659,576,1114,43475,0,0,
82070,114730,55169,113,53214,111,62,37,158,5866,0,0,
82077,30942,14824,45,14466,18,6,9,22,1552,0,0,
82084,1337958,646735,1590,586880,1683,1245,920,2539,96366,0,0,
82091,72593,34178,86,32186,78,26,25,38,5976,0,0,
82098,33180,15598,47,15085,31,11,17,35,2356,0,0,
82105,84617,40243,100,38126,84,38,63,99,5864,0,0,
82112,46486,21591,69,20238,51,9,32,41,4455,0,0,
82119,193786,93851,207,88616,209,92,71,262,10478,0,0,
82126,67299,32399,74,30894,67,30,22,82,3731,0,0,
82133,55463,25596,59,23818,41,18,24,61,5846,0,0,
86007,8959,4161,19,4133,22,7,6,9,602,0,0,
86014,20104,9257,13,9631,12,5,9,13,1164,0,0,
86021,14894,6915,27,7036,20,4,9,14,869,0,0,
86028,25462,11754,23,11916,38,13,7,16,1695,0,0,
86035,170401,81172,227,76102,210,70,70,126,12424,0,0,
86042,10809,4939,26,4946,25,17,16,21,819,0,0,
86049,328824,157004,400,141472,419,233,215,385,28696,0,0,
86056,35653,16569,39,17135,28,5,8,13,1856,0,0,
86063,43692,20588,54,19792,48,14,18,30,3148,0,0,
86070,20246,9156,15,9577,11,5,9,29,1444,0,0,
86077,46304,21443,67,21111,82,22,30,42,3507,0,0,
86084,9251,4113,17,4182,39,6,1,3,890,0,0,
86091,18622,8715,27,8745,11,2,5,7,1110,0,0,
86098,20567,9595,18,9621,25,2,10,21,1275,0,0,
86105,24047,11228,51,10886,30,16,26,14,1796,0,0,
86112,1440,653,1,738,2,0,1,0,45,0,0,
86119,40352,18314,49,18727,34,45,43,27,3113,0,0,
86126,15008,7199,21,7037,17,3,7,11,713,0,0,
86133,26193,12103,35,12713,20,6,4,7,1305,0,0,
86140,12336,5281,44,5032,72,15,5,17,1870,0,0,
86147,66637,32024,77,31196,32,15,8,17,3268,0,0,
86154,5314,2451,4,2551,1,2,0,3,302,0,0,
86161,53879,25030,62,23973,55,15,26,36,4682,0,0,
86168,12775,5910,9,6360,6,2,1,4,483,0,0,
86175,11183,5156,21,5163,28,5,9,6,795,0,0,
86182,5034,2311,4,2393,3,0,0,3,320,0,0,
86189,9766,4591,13,4671,2,0,4,5,480,0,0,
90007,45459,20758,80,20993,105,28,40,41,3414,0,0,
90014,227688,109138,298,105319,262,79,127,200,12265,0,0,
90021,92308,43909,135,41649,118,51,41,59,6346,0,0,
90028,42669,20098,73,19698,80,24,34,33,2629,0,0,
90035,15539,7146,33,7269,49,5,13,15,1009,0,0,
90042,34745,16530,58,16001,86,22,13,21,2014,0,0,
90049,21196,9996,45,9887,20,10,22,14,1202,0,0,
90056,66352,30909,143,30493,136,43,62,56,4510,0,0,
90063,93464,44635,150,42987,152,39,80,76,5345,0,0,
90070,77469,37151,124,35802,134,23,19,36,4180,0,0,
90077,64927,30864,107,29903,93,36,46,48,3830,0,0,
90084,587289,284287,1021,255292,1384,666,691,1071,42877,0,0,
90091,36946,16616,92,16630,84,31,27,37,3429,0,0,
90098,22382,9417,40,9454,106,42,86,72,3165,0,0,
90105,172877,81499,358,77114,291,100,152,217,13146,0,0,
90112,23438,10327,29,10523,40,17,27,32,2443,0,0,
90119,102589,49048,115,45999,192,85,99,152,6899,0,0,
94008,98922,44118,179,43484,332,230,198,257,10124,0,0,
94011,6027,2482,5,2609,1,1,1,15,913,0,0,
94015,80009,35516,114,34604,276,159,170,319,8851,0,0,
